,n_estimators,max_leaf_nodes,max_features,train_size,train_time,test_time,train_score,test_score
0,6,10,1,1133,0.011134,0.15657,0.553799982682,0.524628022926
1,86,2,3,12,0.049054,0.497989,0.364304178887,0.587518934515
2,4,2,31,1,0.00311799999997,0.04369,0.0,1.47131279557
3,1,2,60,4341,0.010096,0.02207,0.531251813514,0.526108846732
4,1,2,78,182,0.00148799999999,0.023952,0.522918149441,0.511171207241
5,3,8,5,9,0.00263499999994,0.065522,0.28201380044,0.547416242329
6,1,11,10,5728,0.00974699999995,0.0237059999999,0.477160037996,0.481790383242
7,13,3,3,56,0.010955,0.0965239999999,0.552308611976,0.549437219592
8,72,4,21,20793,2.936346,0.549889,0.478243776642,0.472899720873
9,3,4,10,2,0.00133600000004,0.03693,0.0124082469793,0.541883860862
10,7,4,98,1,0.00436400000001,0.051655,0.0,0.541480961137
11,88,14,4,3312,0.159815,0.754642,0.47543141578,0.48017157478
12,5,8,89,3,0.00384899999995,0.0433220000001,0.085795071831,0.575604399093
13,12,2,10,8728,0.045787,0.087312,0.514672215982,0.517432716304
14,6,4,2,16,0.002341,0.058642,0.39095224069,0.588723253935
15,17,16,78,1,0.00589200000002,0.096661,0.0,0.537724107302
16,4,4,11,207,0.00226699999996,0.048413,0.452942883186,0.511551203526
17,7,2,72,18092,0.737325,0.06034,0.48690826811,0.483404294218
18,43,4,25,278,0.069794,0.696661,0.461587258535,0.482413212743
19,11,3,8,52,0.00469399999997,0.0933580000001,0.469558509225,0.509260551891
20,85,13,94,3280,1.516821,0.641703,0.396138242299,0.411588795256
21,90,7,86,1568,0.452072,0.646792,0.424632776381,0.437434766689
22,1,3,2,1,0.000644999999963,0.021489,0.0,0.644283715376
23,12,5,19,7,0.00462400000004,0.087217,0.18037290976,0.548868272813
24,15,14,3,39693,0.5061,0.144202,0.492753785396,0.491380234839
25,2,2,1,6349,0.0114599999999,0.031693,0.534885251277,0.535822910144
26,17,2,2,1,0.00657799999999,0.0970080000001,1.7763568394e-15,0.537626077289
27,6,3,59,3,0.00267499999995,0.07849,0.228232687294,0.690812064543
28,12,3,1,120,0.00503399999991,0.250149,0.543184255372,0.52844562668
29,2,15,66,22,0.00151700000004,0.041231,0.316855060564,0.65092216961
30,4,6,1,5,0.00188700000001,0.0398720000001,0.0803722468062,0.546273298077
31,5,11,10,12602,0.0620630000001,0.0526659999999,0.461061715957,0.456225741271
32,40,2,22,21768,0.485503,0.209725,0.509916362043,0.504546078667
33,85,16,3,15415,0.415577,0.582269,0.477551616174,0.481957593293
34,1,6,147,7,0.000595999999973,0.022258,0.321213703311,0.843208705172
35,29,2,8,1,0.00898600000005,0.136794,8.881784197e-16,0.554234668342
36,24,14,1,4388,0.0246599999999,0.152078,0.520074166458,0.51890385838
37,2,6,13,6,0.000897000000009,0.0266330000001,0.233157464865,0.624767396833
38,8,5,7,623,0.00475299999994,0.05665,0.459784137314,0.485458432225
39,44,2,4,69,0.014054,0.532275,0.437840338843,0.529520942121
40,1,5,31,56,0.000804000000016,0.04986,0.45820054897,0.606296384731
41,12,12,34,7,0.00417200000004,0.0831589999999,0.121491753157,0.547343959453
42,36,9,2,277,0.013719,0.250014,0.506960877951,0.509872357259
43,1,3,11,7,0.000568000000044,0.021211,0.505767063268,0.812604891691
44,5,16,12,73,0.002253,0.079756,0.243950622159,0.548420302032
45,17,2,28,467,0.0140240000001,0.106041,0.516957715079,0.510474165581
46,8,5,54,9067,0.12287,0.058376,0.454558760998,0.455545580416
47,14,2,10,6,0.00471300000004,0.08461,0.317591084558,0.672470971093
48,2,15,2,27,0.000928999999928,0.028948,0.275649440214,0.619791699684
49,3,12,14,237,0.00200400000006,0.037514,0.426009928823,0.48037502049
50,17,2,3,224,0.00592500000005,0.092343,0.537489245794,0.533625628029
51,24,11,3,2,0.00775799999997,0.119258,0.155252361808,0.595988296585
52,34,7,20,9,0.0242790000001,0.580416,0.208278870348,0.550101414446
53,28,15,2,2,0.022026,0.228236,0.256732358091,0.831929723036
54,98,4,33,884,0.197401,1.44053,0.444162075159,0.471640023468
55,7,19,4,1,0.00239799999997,0.044202,8.881784197e-16,0.78657384708
56,1,6,2,92,0.000625000000014,0.0305960000001,0.481018545105,0.569180052525
57,1,2,12,48,0.000974999999926,0.041554,0.595190843251,0.573071528541
58,5,10,34,63,0.00544000000002,0.15333,0.293404786032,0.552536939863
59,10,2,104,13091,0.277703,0.0600009999999,0.484290431625,0.484160180099
60,56,2,3,9961,0.125037,0.959676,0.524863977632,0.530279906535
61,1,4,34,5,0.000576000000024,0.025615,0.0559746591872,0.669872897392
62,11,3,1,13,0.00512200000003,0.189815,0.519001912777,0.5507565763
63,74,5,34,18,0.051822,0.876962,0.220059223769,0.518302707729
64,2,19,1,13373,0.021339,0.027405,0.524465798674,0.52573158371
65,33,5,2,15094,0.192432,0.393837,0.507326949045,0.514116891049
66,68,17,2,4,0.053896,0.603182,0.146109074135,0.755360925212
67,8,2,113,361,0.0121879999999,0.062586,0.471947721561,0.484529887667
68,48,12,15,2661,0.13264,0.343374,0.433487322989,0.441462203154
69,62,10,1,9,0.0208899999999,0.394833,0.137586462317,0.643558840084
70,16,5,35,3094,0.0530409999999,0.105332,0.460573335287,0.458031519354
71,3,11,8,100,0.00148399999989,0.0366429999999,0.33195583684,0.520748622955
72,1,2,3,839,0.00190300000008,0.0203889999999,0.500679372005,0.537133610147
73,99,4,1,3,0.030606,0.510332,0.151964198549,0.562363265397
74,51,4,1,8386,0.059626,0.287243,0.519490282177,0.524205746762
75,33,11,60,1,0.010206,0.143491,4.4408920985e-15,0.610229871752
76,4,4,5,11,0.0015370000001,0.038193,0.26728620686,0.700916790038
77,9,8,4,25,0.00322200000005,0.069755,0.309509255653,0.521559222212
78,3,2,62,234,0.00209599999994,0.030286,0.455071523939,0.510501237653
79,1,6,42,7336,0.021034,0.0215920000001,0.463294435994,0.466183742487
80,2,4,3,8,0.000900000000001,0.026289,0.314973248825,0.662181950991
81,2,15,1,101,0.00101200000006,0.03148,0.424591736794,0.536707189522
82,38,2,126,1090,0.081804,0.196889,0.468518411432,0.484624260551
83,24,2,1,2406,0.014063,0.127715,0.539878932096,0.535543790694
84,16,3,31,3,0.00527799999998,0.0977350000001,0.0481553622208,0.594751038188
85,4,19,29,876,0.00765699999999,0.039808,0.401470060714,0.443811905322
86,63,5,1,5338,0.096449,0.920564,0.529796592562,0.524921615437
87,5,11,3,7,0.00397999999996,0.102578,0.219705058623,0.588362298294
88,1,2,1,37589,0.047533,0.0214990000001,0.539555785964,0.538512029327
89,1,4,75,551,0.00220899999999,0.0210530000001,0.492824232251,0.494760736908
90,6,7,11,298,0.00312599999995,0.049255,0.429942602443,0.475900335429
91,4,2,17,425,0.00217099999998,0.03428,0.509863129821,0.539062054161
92,1,2,26,27,0.000582000000009,0.020388,0.538289581717,0.577341093832
93,1,3,9,56,0.000597999999968,0.020743,0.441029862242,0.559617166164
94,13,17,2,14973,0.065203,0.0986849999999,0.499247930075,0.497529504715
95,34,12,74,13,0.0121730000001,0.221479,0.261711986068,0.553355583133
96,37,6,15,4779,0.106182,0.232567,0.470123431325,0.471063402295
97,42,4,18,1,0.012786,0.1849,5.3290705182e-15,0.769231846546
98,1,2,26,54013,0.100692,0.021521,0.529413670924,0.515631069244
99,40,5,4,4,0.0129939999999,0.219929,0.0204119139899,0.539184271285
100,55,2,12,1110,0.031123,0.426877,0.503792049833,0.513639476712
101,3,11,129,19,0.00160900000003,0.043446,0.30542549214,0.641046851971
102,9,3,78,3,0.00359500000002,0.056745,0.0680520795763,0.5478239482
103,35,3,54,14,0.012016,0.296685,0.241731345789,0.50052154768
104,82,13,1,173,0.056302,0.741779,0.405961279798,0.518231281898
105,9,2,47,103,0.00407699999994,0.069991,0.508184667352,0.524159290875
106,80,17,25,4856,0.535893,0.724102,0.405631854731,0.408310770579
107,2,16,26,46,0.00107400000002,0.028382,0.369787504088,0.605956981798
108,81,7,32,14796,1.863298,0.495287,0.443719418153,0.442059537262
109,99,6,4,399,0.038989,0.573351,0.475978788784,0.507258015295
110,8,4,36,51,0.00321300000007,0.0553269999999,0.333097596337,0.507712327795
111,1,7,2,10929,0.01641,0.020891,0.535877896866,0.537319970876
112,5,5,4,46655,0.121899,0.043367,0.525301772845,0.516757569027
113,13,8,3,50121,0.642858,0.106135,0.50765478237,0.516854931535
114,29,18,43,13561,3.60411,0.226387,0.396935008581,0.398548191115
115,1,2,81,103,0.000733999999966,0.02435,0.507811208738,0.585980959137
116,7,3,6,14,0.003693,0.109515,0.340717209153,0.694300494829
117,47,12,1,2266,0.028306,0.295349,0.527102097919,0.525276493231
118,81,3,1,16357,0.149861,0.454466,0.5360881797,0.531204397348
119,1,13,1,97,0.000669000000016,0.0250470000001,0.414715440621,0.568941420634
120,1,5,1,175,0.000962000000072,0.0232609999999,0.526821032645,0.528439880999
121,5,2,1,7653,0.022282,0.141206,0.535328857823,0.537375361264
122,1,2,10,252,0.000825999999961,0.023714,0.539570954499,0.540721363521
123,18,7,140,332,0.0369919999999,0.135681,0.387803009545,0.449066185834
124,68,2,52,1,0.023429,0.331801,1.7763568394e-15,0.74942969788
125,19,9,1,1,0.012478,0.125058,2.6645352591e-15,0.839348564454
126,6,4,39,170,0.00355999999999,0.050931,0.436578677366,0.487694354454
127,41,3,45,7,0.01699,0.322296,0.254946396743,0.539268885148
128,4,3,1,139,0.00223699999992,0.048125,0.498715711188,0.538237067175
129,16,17,75,2,0.00699899999995,0.087795,0.148861435228,1.25550557798
130,12,16,138,16016,2.666134,0.092414,0.398880071586,0.402497946391
131,1,5,1,1,0.000540999999998,0.0196989999999,0.0,0.563181638878
132,1,19,69,3,0.000564999999938,0.0202250000001,0.00744978425784,0.692171510395
133,1,8,8,670,0.00260000000003,0.0223679999999,0.476602152483,0.536031637369
134,12,11,15,4917,0.051184,0.087935,0.432560662487,0.442363650661
135,9,12,1,3339,0.008646,0.063938,0.505623090952,0.509884177693
136,40,9,5,7,0.012974,0.240488,0.163635893689,0.728188635031
137,1,6,5,17,0.000590999999986,0.021565,0.388845822177,0.617136936625
138,50,17,9,1,0.0163379999999,0.212036,3.5527136788e-15,0.583277257317
139,2,5,4,199,0.00106999999991,0.0269880000001,0.517426058645,0.54422636154
140,24,2,2,356,0.00885300000004,0.131372,0.560015373018,0.532368341559
141,22,5,47,91,0.0100650000001,0.143391,0.390543081992,0.499916571468
142,4,2,5,6204,0.013383,0.033991,0.502962412622,0.503000437866
143,7,5,122,6866,0.160185,0.054219,0.454731521703,0.454839114768
144,2,9,1,1815,0.00286900000003,0.027167,0.511723717021,0.501128728255
145,4,5,54,48,0.00190200000009,0.03823,0.293638596158,0.54305581371
146,71,13,13,58,0.0263210000001,0.480449,0.248748912837,0.487893275156
147,15,2,19,2,0.00527899999997,0.077365,0.0266566179995,0.53752425312
148,4,3,1,12937,0.0224989999999,0.0356320000001,0.535938938086,0.531088019287
149,1,11,2,25,0.000596999999971,0.0217990000001,0.379813419697,0.714612896418
150,5,2,53,24,0.00196099999994,0.0394680000001,0.245588176931,0.495606894585
151,4,14,12,276,0.00285099999996,0.0405330000001,0.366901435061,0.457220365529
152,3,2,4,718,0.00242900000001,0.029419,0.49068223292,0.482785548294
153,34,14,2,1,0.011072,0.154222,8.881784197e-16,0.696219911396
154,43,9,1,3,0.0143380000001,0.236184,0.282763593209,0.538847061287
155,10,17,3,24,0.00362099999995,0.0807229999999,0.224520410075,0.536940166611
156,10,6,7,90,0.00374600000009,0.069317,0.45753574407,0.521848810025
157,14,12,7,373,0.00703599999997,0.100899,0.433181270732,0.48763114733
158,17,2,1,2955,0.011752,0.0929900000001,0.53156711705,0.536285739117
159,5,3,10,780,0.00442399999997,0.04113,0.478042348757,0.50728843672
160,3,18,1,1,0.00132299999996,0.0272550000001,0.0,0.829223976285
161,1,2,3,491,0.000836999999933,0.0215860000001,0.529957506811,0.530466296904
162,2,2,2,1,0.000862999999981,0.02395,0.0,0.569501963215
163,71,8,10,1413,0.0619650000001,0.450155,0.438390011064,0.469144554962
164,18,9,21,601,0.015484,0.124712,0.421010174523,0.458409252586
165,1,11,9,354,0.001214,0.021897,0.489807960612,0.549517198872
166,1,13,110,3258,0.0212250000001,0.022075,0.432865250722,0.440820653574
167,93,2,72,444,0.068666,0.47505,0.470731045128,0.484535648739
168,27,3,3,21836,0.109135,0.155936,0.524017106651,0.525522848426
169,2,5,40,15,0.000971999999933,0.026715,0.494428375043,0.749590891151
170,22,2,4,115,0.00742500000001,0.11689,0.494043876989,0.536847679449
171,2,2,2,1567,0.00345500000003,0.024415,0.525486928074,0.535059344059
172,2,12,30,22637,0.189753,0.029484,0.437300471423,0.436570540617
173,70,4,138,3,0.0224529999999,0.368618,0.39459176018,0.660069085671
174,60,15,5,45371,3.603007,0.497934,0.461561887345,0.459805389103
175,12,3,1,5962,0.0174459999999,0.078659,0.52342856003,0.525308169699
176,1,11,1,2800,0.00500599999998,0.021476,0.546865991833,0.537966199771
177,1,2,118,4068,0.0106509999999,0.0201430000001,0.481130830057,0.489353407999
178,9,15,8,2490,0.0135859999999,0.0678929999999,0.460575733831,0.467948800135
179,25,2,1,14097,0.043365,0.133675,0.542839846742,0.53780326837
180,1,8,44,115,0.00229400000001,0.031383,0.382477354833,0.586052607936
181,16,3,1,497,0.00657899999999,0.093326,0.561351759171,0.532271005688
182,46,5,16,5,0.0183969999999,0.275818,0.113103341968,0.538995360284
183,61,4,93,27093,5.80402,0.352508,0.461402974677,0.464412259186
184,6,14,13,9,0.00227499999994,0.067762,0.30366641391,0.539525514265
185,86,4,1,8456,0.0975579999999,0.475105,0.526632091161,0.525943374599
186,1,3,35,17,0.00103899999999,0.033015,0.509921794058,0.616965873198
187,6,3,1,1383,0.00467700000002,0.04392,0.51673436099,0.534648526267
188,1,4,17,56,0.000652000000059,0.0319539999999,0.371535954322,0.583386295536
189,5,14,47,2524,0.0291550000001,0.046023,0.413808292252,0.422859047594
190,16,15,8,3,0.00781199999994,0.11183,0.253213351855,0.648396271715
191,3,4,2,94,0.00266999999997,0.045341,0.573575245791,0.553887679016
192,28,14,5,125,0.014654,0.198474,0.369191096514,0.499838759953
193,39,2,71,1,0.016688,0.189651,2.6645352591e-15,0.83806876169
194,21,3,1,1977,0.011633,0.118696,0.535833238166,0.533038783153
195,47,9,1,683,0.0187940000001,0.280579,0.495074633778,0.527762321016
196,2,11,1,4,0.000923000000057,0.040075,0.642620221354,0.937043535466
197,6,11,6,138,0.00487099999998,0.062039,0.363024214457,0.469700860054
198,11,10,1,1691,0.00755900000001,0.074174,0.526728097816,0.52154632814
199,3,8,35,663,0.00399000000004,0.038651,0.43645774842,0.458131327934
200,2,14,59,554,0.00658999999996,0.0313749999999,0.390959960132,0.478938371356
201,4,19,149,6978,0.239836,0.040708,0.385333554835,0.392236484947
202,5,8,5,119,0.00335499999994,0.0487539999999,0.438409339976,0.50305999608
203,8,3,97,2,0.00284699999997,0.065206,0.0350572307025,0.927578059727
204,76,7,15,4,0.036544,0.413879,0.247077393722,0.562766644374
205,2,3,94,541,0.00315699999999,0.026217,0.453452834863,0.483316869362
206,3,3,53,13632,0.07358,0.0304940000001,0.468564760725,0.472348811989
207,3,7,2,1,0.00121200000001,0.039786,0.0,1.02326519712
208,5,16,23,31,0.00419599999998,0.066106,0.328685220493,0.604289934835
209,1,3,39,43,0.00107899999989,0.0302439999999,0.551415776574,0.569827866319
210,11,3,12,74,0.00496600000008,0.087138,0.443196630756,0.496955086081
211,1,2,3,4,0.000654999999938,0.028468,0.275230806664,0.547838322242
212,2,9,9,688,0.00287399999991,0.028201,0.441278667636,0.472369780733
213,2,3,1,12001,0.014495,0.025423,0.529994192305,0.531964169745
214,1,9,35,1677,0.00426700000003,0.021418,0.464911517387,0.473038473534
215,1,2,1,5,0.000587999999993,0.024486,0.540896887564,0.718520271117
216,34,5,10,6006,0.087037,0.216652,0.479993007464,0.490322150742
217,41,6,6,24392,0.418545,0.261496,0.492769257936,0.494483244549
218,4,8,4,346,0.00227799999993,0.038933,0.495666824843,0.511598298983
219,1,9,4,2,0.000974999999926,0.0289740000001,0.298692275098,0.698946877646
220,14,17,35,18364,0.695991,0.105025,0.404166721468,0.406459334289
221,2,2,5,2100,0.00422800000001,0.024621,0.539037914495,0.536427419136
222,1,2,73,27,0.00102399999992,0.0320730000001,0.366977584403,0.663205389978
223,11,13,14,41509,0.580382,0.0853950000001,0.43716860505,0.438252004864
224,6,15,14,274,0.004007,0.063526,0.378246349259,0.464988836127
225,19,7,9,2285,0.027461,0.123619,0.467111369278,0.476216892975
226,3,2,88,2996,0.015945,0.0291000000001,0.466066212098,0.484335139252
227,17,2,7,3,0.00772999999992,0.113793,0.0900473789673,0.868772465369
228,2,3,2,38,0.000951999999984,0.0450810000001,0.521002642996,0.538995369254
229,4,3,19,59,0.00312299999996,0.051906,0.53696866223,0.594625909823
230,60,13,22,3636,0.227209,0.404032,0.415028478805,0.425598663384
231,39,12,70,5536,0.644508,0.267331,0.403182252115,0.41290286625
232,12,13,2,12675,0.0497869999999,0.0863029999999,0.503757269716,0.503273464382
233,20,4,7,60,0.0119099999999,0.141164,0.44318176334,0.51876441681
234,11,2,9,41575,0.162169,0.064526,0.532495882897,0.524077702723
235,1,3,38,3853,0.011793,0.0209269999999,0.494781405268,0.496071318633
236,38,3,68,754,0.047451,0.209535,0.46911080569,0.46942310517
237,22,18,76,8,0.00780699999996,0.157568,0.0971894874149,0.530751307483
238,2,12,23,8,0.00101300000006,0.047498,0.27919788225,0.614261695946
239,11,5,1,507,0.00484400000005,0.069533,0.487635724953,0.516086016583
240,55,2,9,121,0.022273,0.291589,0.529313029618,0.513933599551
241,10,2,87,1799,0.0260950000001,0.065054,0.480127999679,0.489203102599
242,3,2,8,1,0.00121200000001,0.033803,0.0,0.863984148478
243,59,15,14,1100,0.069387,0.396714,0.397285780541,0.437964157074
244,73,14,57,2,0.039445,0.334265,0.0226041850474,0.730313693713
245,25,15,4,13,0.012917,0.184452,0.284927175564,0.575173760661
246,1,2,3,22720,0.0265959999999,0.0221120000001,0.53390847401,0.53540635215
247,1,13,8,38,0.00116900000012,0.0336499999999,0.406653281385,0.623323551837
248,4,17,6,48,0.00311699999997,0.0606969999999,0.306589328259,0.552150350763
249,2,2,4,2,0.000911999999971,0.0362700000001,0.055732149295,0.589581876406
250,15,2,5,667,0.00708099999997,0.0859290000001,0.54931028621,0.52623213498
251,19,8,106,47,0.0188719999999,0.152255,0.249182579614,0.496255005632
252,2,2,2,12,0.000936000000138,0.0374140000001,0.498818345504,0.648286831786
253,63,9,91,27,0.0394550000001,0.418337,0.179662377094,0.517400225724
254,37,7,2,17,0.0216889999999,0.256492,0.406363765765,0.513792479325
255,4,2,1,12212,0.0206679999999,0.035942,0.538129121631,0.533661586285
256,3,4,6,13,0.00128500000005,0.0505410000001,0.352263998386,0.566435963909
257,9,3,6,192,0.004232,0.0590219999999,0.463566599032,0.53054942687
258,34,8,82,660,0.0717860000002,0.224222,0.417663437209,0.434628091488
259,6,3,1,26361,0.0420020000001,0.044361,0.537157762174,0.533825789841
260,74,16,20,488,0.0598990000001,0.49933,0.357924969591,0.446428377605
261,1,13,7,31,0.00101499999982,0.0333090000001,0.340468580017,0.636873173621
262,34,7,4,23,0.0210089999998,0.230882,0.361029378567,0.504413673802
263,18,3,1,9021,0.0298540000001,0.10281,0.540201431865,0.532986646878
264,13,3,1,430,0.00525199999993,0.0771099999999,0.537427630062,0.534484990963
265,32,18,124,7263,1.699862,0.232306,0.386349549742,0.390954908362
266,1,7,62,80,0.000806000000011,0.0382339999999,0.473256624144,0.553814879437
267,73,2,7,221,0.0265829999998,0.371978,0.487122407302,0.528331356591
268,99,6,8,5881,0.215561,0.592668,0.484739263946,0.491165218204
269,5,2,8,1,0.00183399999992,0.0512449999999,0.0,0.759197750134
270,6,6,1,669,0.00332299999991,0.04945,0.525006265956,0.531510749125
271,34,2,18,18,0.0195510000001,0.192361,0.429511666161,0.55652499592
272,50,2,68,5,0.026423,0.276449,0.30526128791,0.735430558883
273,24,7,13,2,0.00785800000017,0.145956,0.156863041107,0.53744165748
274,2,5,52,3,0.000920000000178,0.0364420000001,0.514189713461,0.629380173215
275,5,8,15,341,0.0033719999999,0.0440119999998,0.457627223832,0.495162854698
276,23,2,43,28787,0.711224,0.127095,0.501402362192,0.499895778791
277,10,4,3,3320,0.0111099999999,0.0684100000001,0.51462722249,0.513182849852
278,83,12,99,10,0.0431980000001,0.508528,0.209593068181,0.655200962334
279,3,5,6,1478,0.00420200000008,0.0310140000001,0.522128408834,0.521134387915
280,1,3,123,9297,0.0383139999999,0.0209150000001,0.47740926282,0.478206652733
281,1,14,19,62,0.000680999999986,0.0318560000001,0.43136968244,0.625917028472
282,14,2,7,1,0.00461700000005,0.091422,1.7763568394e-15,0.557842064097
283,5,11,5,40,0.00370300000009,0.076307,0.335130995714,0.534060517108
284,5,5,12,51129,0.228633,0.042796,0.496348725113,0.488762754377
285,1,18,10,26,0.000835000000052,0.0337610000001,0.375701412699,0.666843661066
286,10,12,26,7350,0.111124,0.0763470000002,0.41936016753,0.426756396895
287,1,15,16,9817,0.0257160000001,0.0221749999998,0.457012015882,0.462078920953
288,37,19,139,1,0.0138850000001,0.188417,8.881784197e-16,0.539307839803
289,11,12,25,1,0.00367800000004,0.0790420000001,0.0,0.869779969731
290,1,5,1,19230,0.0235519999999,0.0211060000001,0.538817299683,0.534173757134
291,2,8,60,368,0.00276299999996,0.028041,0.42178793269,0.488251416197
292,75,2,2,2,0.0400929999998,0.357094,0.0804055400642,1.04828540132
293,34,2,10,3136,0.0327239999999,0.184812,0.524629682363,0.521290004134
294,44,4,3,46641,0.427936,0.252535,0.515499955364,0.507901188816
295,8,5,23,1551,0.0128729999999,0.0612430000001,0.455557831469,0.46480892041
296,13,13,107,9,0.00544500000001,0.107962,0.213170308684,0.555767007128
297,27,2,93,17,0.0197909999999,0.54491,0.371168282362,0.506942605044
298,58,8,13,880,0.0458079999999,0.38476,0.42278797821,0.463870317483
299,2,6,16,1,0.000900000000001,0.0238490000002,0.0,0.547848014484
300,3,3,1,451,0.0042269999999,0.127109,0.516443455985,0.538481816703
301,3,3,30,3592,0.012209,0.0320489999999,0.509658019478,0.497545380448
302,2,2,11,42828,0.103244,0.034666,0.530739349198,0.531603523956
303,21,2,52,4515,0.102327,0.121918,0.484683716595,0.489976457216
304,13,18,1,11,0.00531299999989,0.115642,0.198391638884,0.56084676092
305,6,5,2,47,0.00251400000002,0.0633779999998,0.405105636486,0.529416130578
306,2,7,1,12495,0.01999,0.0264550000002,0.53667159669,0.534340729441
307,74,9,1,199,0.0254340000001,0.437818,0.521537322571,0.525382174545
308,2,4,66,15,0.000984000000017,0.02863,0.298267738174,0.633148442309
309,50,7,35,10779,0.833382,0.408693,0.444891521307,0.444694698533
310,1,3,3,37,0.000990000000002,0.0239750000001,0.407722805803,0.553499363672
311,32,15,36,184,0.0277920000001,0.244072,0.302661772007,0.448107423416
312,64,7,1,5883,0.161134,0.42486,0.528578293273,0.528940504376
313,34,2,135,3,0.011577,0.174995,0.150484999887,0.568924478612
314,10,2,10,9689,0.039822,0.0794640000001,0.51993980663,0.522871548916
315,1,2,2,739,0.00225999999998,0.0214019999999,0.563077616951,0.536498274961
316,52,3,2,29557,0.209306,0.46923,0.525019271804,0.527438747986
317,79,2,8,196,0.0307319999999,0.430358,0.50213974142,0.52544164362
318,7,2,60,805,0.00823700000001,0.0468210000001,0.481685248348,0.485320626377
319,10,3,1,10,0.00370999999996,0.0635140000002,0.254798694288,0.539407195515
320,1,16,68,1,0.000876000000062,0.021911,0.0,0.640062932051
321,6,12,3,1,0.00205700000015,0.0376299999998,0.0,0.589687746747
322,78,2,1,41898,0.281267,0.396894,0.534322990077,0.529303546839
323,2,4,4,5794,0.0104679999999,0.0260899999998,0.516608215108,0.526085184341
324,12,5,2,29,0.0041389999999,0.0847410000001,0.390824376457,0.553404322743
325,6,5,66,110,0.00420299999996,0.0475570000001,0.372172385081,0.482836575126
326,21,9,12,66,0.00775099999987,0.155603,0.278658221466,0.503956659395
327,93,4,15,9376,0.633073,0.681059,0.486052565525,0.481927154455
328,1,3,40,3395,0.0121960000001,0.023737,0.514907627422,0.52580071967
329,2,13,8,189,0.00190100000009,0.0367569999999,0.437619187527,0.552405462942
330,2,4,7,23650,0.0473050000001,0.0325500000001,0.489600696438,0.491361164111
331,4,3,1,63,0.00231400000007,0.042616,0.522062965948,0.541592509929
332,11,9,9,74,0.00419299999999,0.0896479999999,0.354148362774,0.510883365301
333,8,5,78,22511,0.670701,0.05971,0.459770706042,0.458289701131
334,56,18,47,507,0.0832909999999,0.382152,0.32286286958,0.426645319726
335,5,15,98,8,0.00200900000004,0.0427070000001,0.296053797918,0.601566050961
336,46,2,17,20749,0.622544,0.350733,0.509838266077,0.507981058685
337,1,9,2,1,0.000806000000011,0.0279869999999,0.0,1.15916402702
338,2,11,27,374,0.00335799999993,0.0327,0.37920571583,0.470699000569
339,2,9,1,16375,0.0331139999998,0.0373139999999,0.53604528015,0.535364838398
340,6,4,11,1059,0.00567999999998,0.0713860000001,0.484103507421,0.492579235939
341,8,2,12,18,0.00549799999999,0.0706990000001,0.497982823341,0.532428420462
342,64,2,3,67,0.021469,0.476374,0.512071863816,0.5314723961
343,30,2,13,1,0.0120490000002,0.191023,2.6645352591e-15,0.577637987028
344,8,5,27,184,0.00526600000012,0.080078,0.429130586966,0.493493421738
345,5,3,3,141,0.002342,0.0534090000001,0.551436652169,0.538771168867
346,10,2,5,25,0.00393299999996,0.0792290000002,0.679912223392,0.530033182443
347,4,3,48,18,0.00310500000001,0.06035,0.282123178065,0.538545997413
348,7,2,4,29664,0.0817440000001,0.0540249999999,0.52043358875,0.519633987548
349,24,3,2,8,0.0083360000001,0.15393,0.433278410823,0.588203562769
350,1,6,1,8403,0.0184839999999,0.074445,0.537166895565,0.53495768403
351,3,17,87,1,0.00333799999999,0.105913,0.0,1.17824255564
352,5,2,110,3,0.00335799999993,0.0415290000001,0.0581945183305,0.552148522199
353,25,3,109,10,0.0151350000001,0.15647,0.263875895445,0.590093086649
354,52,11,3,11,0.0349920000001,0.422872,0.174405409115,0.550680666119
355,36,6,54,31,0.0231220000001,0.275802,0.286800839192,0.50616920173
356,85,6,108,9,0.0409590000002,0.608911,0.124849762252,0.57518566385
357,15,9,10,40403,0.90205,0.273316,0.460692658663,0.457996835971
358,76,4,1,1,0.0330690000001,0.369287,5.3290705182e-15,0.654945678644
359,9,14,1,25867,0.0827919999999,0.0909369999999,0.52626973884,0.52587156985
360,38,4,139,15,0.0182110000001,0.246712,0.259926214449,0.50261461423
361,58,15,1,217,0.0236609999999,0.378029,0.473859972436,0.517807675009
362,14,4,75,752,0.02368,0.096346,0.442576566266,0.456324493872
363,63,5,4,154,0.0448250000002,0.381329,0.544073689823,0.506490278101
364,27,3,1,188,0.00969099999998,0.164642,0.504469483786,0.529736571064
365,7,2,40,1,0.00496299999986,0.045165,0.0,1.0765982336
366,3,6,21,525,0.00282100000004,0.0341020000001,0.470022322363,0.487068640864
367,38,19,62,11989,2.426015,0.288622,0.385540895957,0.388233669658
368,1,2,38,523,0.00182700000005,0.025155,0.503225705344,0.489489095625
369,95,3,10,2970,0.108582,0.585636,0.50894120987,0.510079950871
370,4,17,107,30,0.00251300000014,0.0499769999999,0.171995113481,0.554315613954
371,36,5,113,584,0.0853609999999,0.24034,0.428473685053,0.451436581827
372,23,4,1,4295,0.0218130000001,0.148174,0.524909705901,0.529944900848
373,64,8,3,553,0.0291670000001,0.452453,0.487077598134,0.498879799965
374,13,6,10,11672,0.0985840000001,0.096804,0.473567810675,0.470774967854
375,2,10,8,28,0.00100300000008,0.028597,0.449076111295,0.679818533493
376,4,5,9,1436,0.00832500000001,0.0385729999998,0.509596529873,0.506838238924
377,25,2,130,9714,0.63006,0.166972,0.480471527877,0.485056725551
378,32,3,24,326,0.0166280000001,0.21806,0.401528715325,0.494383131266
379,4,6,26,75,0.00196100000016,0.043085,0.399064449601,0.503705858407
380,24,4,16,4605,0.0849879999998,0.187353,0.488114153038,0.484767632073
381,63,12,29,409,0.0664529999999,0.504794,0.380908222393,0.432130000522
382,6,16,17,426,0.00869499999999,0.061964,0.411195949639,0.460322140648
383,27,7,1,51685,0.244326,0.189906,0.51973541133,0.50257055542
384,30,3,1,426,0.0109769999999,0.183269,0.512986318937,0.530775845055
385,53,2,73,7,0.026057,0.292577,0.218627458944,0.566484748904
386,1,5,1,13498,0.0260740000001,0.0355850000001,0.537087988582,0.537055764045
387,19,11,3,380,0.0163640000001,0.231788,0.500510680402,0.517300081563
388,7,12,26,439,0.00930100000005,0.068501,0.368623677897,0.447144405566
389,22,3,30,929,0.028622,0.141919,0.504541066463,0.475685846813
390,27,2,6,4477,0.0337079999999,0.158896,0.521570081458,0.520962314573
391,25,17,103,1,0.00863300000015,0.145213,8.881784197e-16,0.715835455013
392,24,6,3,35,0.0135379999999,0.183549,0.34719983174,0.537217930869
393,7,2,77,228,0.00469300000009,0.058867,0.521993348263,0.513345312605
394,53,14,74,2209,0.442839,0.737384,0.390399633308,0.410526453139
395,1,2,2,22061,0.0288430000001,0.0260539999999,0.538688557177,0.534092023723
396,44,18,2,23,0.0187890000002,0.37449,0.169187370854,0.51777167303
397,36,10,1,14354,0.07942,0.226694,0.518562430317,0.518120495375
398,1,5,47,2485,0.00660500000004,0.0220690000001,0.477129459274,0.471985577312
399,4,2,1,23,0.00299999999993,0.038845,0.50045720274,0.57560149541
400,1,19,102,657,0.006754,0.092787,0.394594109601,0.491134201673
401,1,2,6,14,0.000698000000057,0.080326,0.427962567816,0.618283808447
402,38,4,25,7,0.0127769999999,0.227428,0.16404678386,0.559467972199
403,26,5,18,4022,0.06438,0.15826,0.456894241988,0.467923042463
404,3,2,1,2,0.00129500000003,0.0272930000001,0.399693354162,0.538981597598
405,1,10,60,27873,0.166123,0.024214,0.443288130215,0.444418631908
406,1,3,10,11540,0.0201490000002,0.0210400000001,0.529911874875,0.531393629081
407,1,2,65,3,0.000606999999945,0.0208950000001,1.296484218,1.47274532595
408,3,3,85,13446,0.100169,0.0300550000002,0.475899690508,0.474629278433
409,9,3,4,225,0.00349099999994,0.061195,0.50994914926,0.52258531087
410,3,5,90,5,0.00127799999996,0.030771,0.140247584277,0.591779716647
411,5,3,4,2,0.001892,0.036705,0.357015869748,0.582641122134
412,2,3,10,10433,0.015208,0.0253149999999,0.495290297189,0.494343894629
413,1,3,2,10043,0.00951699999996,0.022954,0.541009402309,0.536520382896
414,6,3,29,21,0.00235100000009,0.0465299999998,0.371271317628,0.544107561193
415,1,6,125,5574,0.0269960000001,0.023355,0.449176486001,0.454919126181
416,4,9,6,16,0.00162,0.0386289999999,0.311021206842,0.564604397356
417,8,6,1,838,0.00529299999994,0.059927,0.506958236016,0.517617311263
418,2,8,95,188,0.00213499999995,0.0286199999998,0.372713695019,0.507194453323
419,2,3,4,1,0.00089899999989,0.0239589999999,0.0,0.986337548433
420,69,7,1,40,0.022391,0.438425,0.361604536876,0.530742959682
421,16,2,121,368,0.0174780000002,0.119368,0.507214193054,0.485198189452
422,29,2,145,216,0.0337769999999,0.177395,0.455683999569,0.492778765203
423,6,16,2,1524,0.00583400000005,0.0605189999999,0.510182841711,0.519647376666
424,17,8,8,5620,0.0462219999999,0.123189,0.471865339498,0.478614117549
425,7,2,3,19,0.00264400000015,0.0527970000001,0.426429446261,0.539350255779
426,1,2,1,10,0.000585999999885,0.0227779999998,0.554594777518,0.550154171944
427,60,10,95,550,0.136821,0.392277,0.388947262372,0.435927722215
428,2,8,14,12,0.00094799999988,0.031156,0.226292723295,0.638156071911
429,6,2,2,23512,0.0378619999999,0.0421260000001,0.536760600546,0.534935142305
430,1,16,2,16,0.000921999999946,0.023919,0.652179852883,0.716789314643
431,3,2,2,2,0.00202800000011,0.030771,0.148266908018,1.01494364336
432,2,11,107,2288,0.0207619999999,0.027045,0.431925222992,0.435758065124
433,1,2,1,2,0.000557999999955,0.020008,0.722141867227,0.591136879653
434,53,4,7,7139,0.115556,0.31043,0.503808070201,0.509356164571
435,10,7,9,5,0.00628200000006,0.0680089999998,0.22634397246,0.601817846101
436,1,2,3,41,0.000969000000168,0.0215369999999,0.572803747707,0.55646131166
437,48,13,25,5877,0.356719,0.338336,0.41611007545,0.423487129793
438,1,6,2,71,0.000978000000032,0.0284670000001,0.53699379162,0.575258587179
439,93,2,152,60,0.042555,0.472777,0.539786752782,0.487266558614
440,2,9,1,32,0.000966000000062,0.0349000000001,0.409129774316,0.502762106687
441,1,2,1,31,0.00100399999997,0.0217709999999,0.469784159613,0.543478583069
442,3,5,5,2,0.00133400000004,0.0277019999999,0.307354047765,0.889879334367
443,9,3,11,36689,0.224656,0.0703609999998,0.500086149448,0.501778677412
444,5,2,3,11429,0.023099,0.0388499999999,0.530252018007,0.52950364471
445,12,7,8,61,0.00827700000013,0.101762,0.398721679329,0.523274467128
446,9,2,8,986,0.00696300000004,0.069236,0.533240620974,0.530636703411
447,1,6,9,4854,0.00812899999983,0.0220179999999,0.5240048202,0.518853933487
448,8,12,55,4,0.00287200000002,0.055691,0.201287727673,0.521984838613
449,2,16,30,1690,0.00666899999987,0.028607,0.418848230972,0.458191664053
450,5,4,73,21952,0.335448,0.0460659999999,0.470770781557,0.469832801915
451,23,4,10,4953,0.0483549999999,0.140289,0.498335378174,0.500298355482
452,13,4,65,13,0.004819,0.0842849999999,0.20664183105,0.536897949682
453,4,3,88,4,0.00278700000013,0.0469559999999,0.174278480068,0.615456602504
454,61,11,18,2803,0.186077,0.407678,0.435481100094,0.436656967505
455,24,2,4,42,0.00970400000006,0.14023,0.466342460133,0.538117535337
456,3,2,49,4,0.00217199999997,0.0328900000002,0.186886385607,0.53308807089
457,2,3,1,7,0.00135099999989,0.029141,0.617743850525,0.583590853411
458,6,4,40,27822,0.311362,0.0485619999999,0.4656207855,0.465010698739
459,7,6,5,2264,0.00940100000003,0.0584959999999,0.502613593315,0.511698889438
460,21,3,61,5483,0.156124,0.152042,0.470338277804,0.469248835052
461,3,12,80,26966,0.592868,0.0400480000001,0.419206906981,0.415827107215
462,13,3,83,5,0.00692600000002,0.0866080000001,0.120784699097,0.531071327538
463,7,5,130,5,0.00261399999999,0.058082,0.285131277997,0.592086100194
464,4,6,16,1,0.00151500000015,0.0332350000001,0.0,0.626629650695
465,11,2,1,292,0.00434500000006,0.0649110000002,0.534743461794,0.535397723929
466,45,2,4,365,0.0165569999999,0.261297,0.544884107354,0.526689376992
467,3,2,33,488,0.00255300000003,0.0294759999999,0.522984734042,0.503404823671
468,20,2,17,4750,0.0685179999998,0.115212,0.516500549182,0.513115716094
469,1,2,5,9,0.000577999999905,0.020683,0.741827298654,0.554615165665
470,5,11,1,192,0.00389799999994,0.0591380000001,0.452272817417,0.522508611271
471,36,2,40,5789,0.212968,0.196037,0.489692318603,0.497612222493
472,1,6,5,1954,0.00385200000005,0.0224109999999,0.525257166572,0.528221239232
473,11,17,9,19,0.00771200000008,0.0969190000001,0.251795953581,0.589023268882
474,3,7,51,2318,0.0238870000001,0.0375280000001,0.43505387424,0.448682198233
475,2,2,3,1902,0.00284699999997,0.024999,0.553223541361,0.536829261392
476,2,4,3,7392,0.013211,0.027552,0.53295838553,0.52949708834
477,26,4,35,1228,0.034044,0.183246,0.466208232017,0.465673447817
478,17,4,7,11738,0.119496,0.114596,0.497912271206,0.501452246976
479,1,17,12,3995,0.011225,0.030577,0.464643562225,0.466317388526
480,2,6,3,2,0.000954999999976,0.024392,0.438799479902,0.607326153887
481,1,2,3,43,0.000595999999859,0.02063,0.446533423283,0.548866292145
482,5,2,26,5,0.00192799999991,0.038456,0.143721342095,0.68569707304
483,8,2,3,13866,0.039996,0.059812,0.536868305642,0.533388180918
484,7,7,4,1,0.00438600000007,0.0461130000001,0.0,0.551406286939
485,1,5,2,43,0.000980000000027,0.0244819999998,0.524520625615,0.626158385033
486,27,3,5,2209,0.018433,0.155853,0.519269308427,0.524591234524
487,1,5,20,75,0.000708999999915,0.0248979999999,0.385485278363,0.51091624277
488,24,3,1,19987,0.0825089999998,0.136098,0.533947855349,0.532451144124
489,66,4,42,18,0.0399009999999,0.456954,0.322959366015,0.557395389123
490,2,18,43,39,0.00117999999998,0.029,0.306559004664,0.586630532665
491,1,3,11,20,0.00103200000012,0.0256689999999,0.423894082903,0.646769787208
492,78,3,144,2789,0.513869,0.442409,0.456748817946,0.469515243382
493,2,9,1,26790,0.0356839999999,0.0290790000001,0.53054040141,0.528982581642
494,29,6,13,42,0.010284,0.208673,0.307465240254,0.507916363295
495,11,4,116,22293,1.182467,0.106219,0.462431935053,0.466531207576
496,1,3,3,10,0.000585000000001,0.0228730000001,0.915271314637,1.21013979802
497,9,7,79,264,0.01079,0.0709380000001,0.378669961197,0.46534220075
498,4,9,50,1,0.00263300000006,0.0430510000001,0.0,0.570428714018
499,13,5,150,1527,0.115604,0.097246,0.4423427767,0.450636940715
500,87,2,14,80,0.030195,0.493794,0.415535875487,0.523608349893
501,4,4,40,894,0.00741999999991,0.046476,0.493319857346,0.489165443128
502,2,5,3,13257,0.0222220000001,0.027077,0.532407460905,0.524937080716
503,27,10,132,16,0.0203739999999,0.218734,0.231472998246,0.554668088041
504,21,6,10,569,0.0120959999999,0.144468,0.447779230341,0.480114190224
505,37,3,107,16,0.0139059999999,0.213579,0.314662582553,0.61579506035
506,1,3,5,98,0.00070299999993,0.02079,0.481959817455,0.556750903575
507,1,5,6,583,0.00141700000017,0.0227260000001,0.5268313738,0.53479564189
508,2,17,10,115,0.00133499999993,0.0294260000001,0.386563376471,0.520214989506
509,36,11,1,142,0.0128520000001,0.227002,0.441569996359,0.511898301382
510,7,2,81,6,0.00458800000001,0.050019,0.302540050288,0.576213133096
511,5,4,7,17356,0.0500529999999,0.0466190000002,0.508341543031,0.50460798846
512,1,7,67,3694,0.02169,0.0283159999999,0.453166639337,0.459711169934
513,3,2,9,31,0.00215000000003,0.0319509999999,0.447663483985,0.542363415871
514,1,17,8,17722,0.0363110000001,0.0229419999998,0.452005920669,0.455583110318
515,4,2,1,6697,0.00765999999999,0.036331,0.530882427977,0.530048507245
516,90,11,18,30,0.03189,0.600458,0.213180598908,0.523742720296
517,41,4,15,1,0.0139769999998,0.179765,4.4408920985e-15,0.53911254717
518,33,14,57,3,0.011013,0.17739,0.179189019655,0.530670305789
519,89,3,2,8,0.0281309999998,0.479025,0.221937603819,0.575196185672
520,79,4,25,3,0.0271249999998,0.405879,0.199038512453,0.550527031334
521,5,6,56,17006,0.216845,0.0431820000001,0.45036076986,0.454090047632
522,18,11,49,2548,0.0917490000002,0.128214,0.412361931268,0.423840353121
523,38,11,1,2,0.012536,0.184122,0.051191222525,0.855010927773
524,9,3,39,49914,0.648485,0.0637039999999,0.473264149972,0.473604869039
525,32,2,97,9,0.0110849999999,0.177014,0.334667576391,0.646796994053
526,2,7,39,7,0.00155199999995,0.031043,0.420382693537,0.548550679011
527,34,10,11,254,0.0162750000002,0.220618,0.424744838268,0.467305643252
528,5,3,2,3,0.00188200000002,0.0395619999999,0.538601391637,0.560928425783
529,13,2,1,10,0.00447800000006,0.0746280000001,0.335250368829,0.542409363953
530,22,14,26,41,0.0114860000001,0.158007,0.160141742949,0.492132327496
531,73,2,3,55,0.022948,0.367529,0.454039792982,0.553688202049
532,6,2,2,3245,0.00744899999995,0.0418770000001,0.539741840134,0.536333184477
533,44,13,66,3,0.0142430000001,0.236603,0.272016353177,0.55791723811
534,90,5,10,431,0.0409709999999,0.520494,0.467353150441,0.487001678987
535,8,11,53,5125,0.10125,0.062989,0.417462643156,0.417147160349
536,1,3,3,37,0.000598000000082,0.021107,0.377717518468,0.539008429689
537,26,2,17,1,0.00852499999996,0.122638,2.6645352591e-15,0.568174981207
538,1,18,56,11,0.000600999999961,0.0222529999999,0.262668791659,0.747667130802
539,3,10,29,1,0.0011579999998,0.0275960000001,0.0,0.561400367715
540,1,5,42,1168,0.00389200000018,0.0214169999999,0.483386911067,0.479980217164
541,1,10,2,111,0.000810999999885,0.021665,0.503259439895,0.606500733173
542,3,7,85,18626,0.249693,0.0328259999999,0.44364364376,0.444788613983
543,65,9,42,771,0.090027,0.413811,0.402560649024,0.441794284342
544,1,18,1,1370,0.0028769999999,0.0241470000001,0.511319622769,0.534628185668
545,11,2,30,2,0.00392000000011,0.062212,0.242520467619,0.580915408058
546,7,2,33,45800,0.322504,0.056587,0.489758352218,0.489293416024
547,21,10,43,2911,0.103874,0.151453,0.417772421277,0.425020560701
548,2,2,4,13042,0.0226560000001,0.024813,0.52996493972,0.530729447373
549,82,10,1,2504,0.0469450000001,0.508775,0.523550797238,0.522130709005
550,47,3,65,242,0.0293490000001,0.26116,0.448855820542,0.471392373015
551,11,11,4,848,0.00747999999999,0.0797550000002,0.464566563854,0.483460926112
552,1,2,2,1988,0.00342699999987,0.0205309999999,0.534821945565,0.540483291553
553,57,5,1,27843,0.185179,0.342938,0.529467917583,0.527728815856
554,19,3,32,5,0.00637000000006,0.108156,0.214712149472,0.558552145976
555,2,9,34,35,0.00106300000016,0.027705,0.269665462053,0.670321772967
556,1,8,45,609,0.00207300000011,0.021849,0.450596184978,0.485238855737
557,3,12,3,103,0.00136399999997,0.0373,0.411417599812,0.528860532625
558,44,2,21,11,0.0146480000001,0.222452,0.47689400963,0.529830195382
559,88,2,75,384,0.0613490000001,0.438881,0.488747607365,0.480669337829
560,15,2,64,293,0.00928199999998,0.084709,0.447917980078,0.485850747864
561,8,11,37,1,0.00276200000008,0.045388,0.0,0.539458934182
562,81,6,129,8316,2.827993,0.489562,0.440468360333,0.44658500477
563,56,8,14,3,0.0276349999999,0.286223,0.0980496154165,0.554348210836
564,5,8,68,162,0.0039720000002,0.0448249999999,0.358410351249,0.482489063015
565,20,13,3,16,0.00904800000012,0.147242,0.260271547965,0.559173776451
566,1,7,6,13351,0.021602,0.0218380000001,0.468700832081,0.470310380902
567,73,8,1,19356,0.193369,0.46563,0.526213123014,0.522520809805
568,56,17,16,436,0.0382960000002,0.380834,0.379053762227,0.43765081143
569,54,8,25,2,0.017026,0.265842,0.0956871549339,0.549372167426
570,2,8,36,22,0.00101399999994,0.0306849999999,0.264013619525,0.556449929281
571,10,19,24,2,0.003469,0.056376,0.215127862248,0.72930546901
572,60,13,5,22531,0.642001,0.406154,0.475881390384,0.469930294235
573,87,7,114,559,0.188212,0.524877,0.399983307398,0.443632833935
574,3,9,16,9,0.00127999999995,0.03287,0.384318002228,0.997361037345
575,31,2,82,1056,0.0509140000001,0.164315,0.495722391208,0.483082327787
576,7,2,31,4,0.00252399999999,0.046542,0.127539302578,0.664593225002
577,3,9,5,55,0.00134600000001,0.0372850000001,0.291738950245,0.543248595989
578,11,3,57,10,0.00397399999997,0.0738699999999,0.202497847433,0.598122937596
579,1,4,70,22,0.000671000000011,0.0274010000001,0.217686846323,0.553932288435
580,13,19,124,45821,8.038612,0.104515,0.392081711914,0.394298265149
581,20,3,35,4,0.00663899999995,0.112349,0.0901163810408,0.553428983949
582,1,6,2,312,0.00101199999995,0.0220240000001,0.505303344359,0.541587994586
583,6,2,2,1,0.00213699999995,0.038951,0.0,0.538221007071
584,1,3,1,2505,0.00476999999978,0.0208640000001,0.535339824294,0.537288097445
585,1,3,5,1,0.000551000000087,0.0206699999999,0.0,0.58671456651
586,86,7,2,38,0.027576,0.521326,0.390659744676,0.520632460296
587,19,14,43,2,0.0063889999999,0.0959489999998,0.104218607523,0.558510960768
588,1,6,29,16,0.000605000000178,0.022843,0.336790455609,0.604811233524
589,4,3,7,7,0.00151800000003,0.035014,0.306039176032,0.583975543447
590,1,2,41,49956,0.110762,0.0214249999999,0.5307581226,0.533114890612
591,1,6,12,156,0.000745000000052,0.021708,0.496164444462,0.525043299879
592,3,4,6,155,0.00140899999997,0.0316009999999,0.479226092537,0.560522467351
593,1,6,1,2,0.000563000000056,0.0212849999998,0.0,0.574570857881
594,11,5,6,32,0.0072540000001,0.0757720000001,0.407272634686,0.526489461525
595,3,4,45,5939,0.03341,0.031326,0.474559163805,0.463265080375
596,32,9,12,1682,0.0353250000001,0.215595,0.458040336774,0.467280237713
597,83,11,136,28517,24.823789,0.553122,0.418466444061,0.417142034934
598,3,7,1,678,0.00234999999998,0.0320430000002,0.539858560368,0.529510234959
599,1,2,2,1,0.00086199999987,0.0253189999999,0.0,0.678922971416
600,38,14,10,16,0.0127299999999,0.256738,0.184751125934,0.56633112754
601,4,7,4,452,0.00205400000004,0.0373239999999,0.469618982994,0.50183309017
602,60,4,23,9,0.019542,0.36208,0.196799740823,0.631674445934
603,1,16,3,602,0.000980000000027,0.0220959999999,0.498602068241,0.571376415941
604,3,17,16,73,0.00165900000002,0.034551,0.255285392961,0.559664700335
605,26,7,74,2063,0.118894,0.16199,0.441769805216,0.444627010063
606,85,8,4,742,0.0395860000001,0.517365,0.483636152551,0.494781948886
607,71,2,29,85,0.025339,0.359157,0.416190982957,0.520635889189
608,82,3,37,15,0.0298889999999,0.455743,0.223386660275,0.510263068153
609,1,3,6,3,0.00060499999995,0.021045,0.0875751373327,0.558229753039
610,3,15,14,15364,0.0668130000001,0.0354419999999,0.433050445572,0.433625483368
611,1,3,92,643,0.00251900000012,0.020976,0.48452362471,0.487788427324
612,1,3,36,258,0.00111900000002,0.0207339999999,0.478430004981,0.536338091575
613,23,2,22,186,0.00900500000012,0.125091,0.469677626678,0.521656539781
614,2,7,4,7,0.000915000000077,0.0273979999999,0.182277268497,0.557596051592
615,16,6,101,38,0.00760400000013,0.106309,0.260750529609,0.531178245003
616,11,13,17,2,0.00373500000001,0.0595799999999,0.262394412475,0.942558795842
617,11,5,12,11899,0.088432,0.074736,0.502495183016,0.502772239297
618,54,4,16,13,0.0176840000001,0.319593,0.206057088149,0.597044023037
619,3,4,14,1,0.00120199999992,0.027785,0.0,1.05840173014
620,2,3,58,46,0.00102700000002,0.0256700000002,0.516182995643,0.509567316614
621,12,8,25,4,0.00411800000006,0.0788539999999,0.0978980260489,0.573754169609
622,16,10,43,10,0.00568300000009,0.110245,0.218884398411,0.568628510364
623,11,5,2,53736,0.174919,0.0770639999998,0.529088888918,0.526719747306
624,76,5,1,13313,0.121857,0.430142,0.529208071027,0.531002120522
625,48,10,77,1776,0.27177,0.325976,0.398551804044,0.42567790069
626,3,2,7,4,0.00124100000016,0.0360039999998,0.350639744402,0.538626982691
627,2,3,61,6656,0.026298,0.028681,0.486105782073,0.487640642053
628,47,6,54,348,0.0408229999998,0.296914,0.412475609198,0.453893012788
629,1,2,1,1,0.000561000000062,0.0221740000002,0.0,0.797351625681
630,6,11,41,237,0.00490300000001,0.0531100000001,0.401689671791,0.452672200966
631,69,5,1,716,0.0266449999999,0.394066,0.49791798187,0.527426581464
632,2,6,10,1,0.000887000000148,0.0257340000001,0.0,0.67341909558
633,60,3,56,169,0.030647,0.338143,0.453679083099,0.489909601405
634,92,3,2,318,0.0319950000001,0.507502,0.55835546449,0.529125354446
635,7,15,15,1611,0.013283,0.063075,0.419291739352,0.435169899914
636,6,2,1,7165,0.0143559999999,0.041815,0.538235752353,0.534126104143
637,9,15,6,5,0.00326599999994,0.0620369999999,0.226071810484,0.685071437268
638,13,13,68,572,0.036026,0.0973339999998,0.356355651047,0.431575641824
639,29,3,1,14746,0.0529179999999,0.170792,0.518362989598,0.525743263795
640,1,3,28,4272,0.00824999999986,0.020814,0.522121805205,0.52837933866
641,2,12,1,10891,0.018744,0.027425,0.523151937693,0.528159651951
642,71,8,54,284,0.063457,0.479074,0.380286393456,0.447262417428
643,26,2,7,131,0.010274,0.138765,0.469839419201,0.53473073966
644,91,2,12,5,0.0358100000001,0.454473,0.263951794271,0.531103867322
645,26,9,5,45694,0.566932,0.179517,0.474150877034,0.476124061815
646,2,2,4,3,0.000907999999981,0.0250610000001,0.155924578712,0.891586493091
647,7,2,9,3027,0.009591,0.049755,0.525414153437,0.528129330707
648,18,5,2,12435,0.0499689999999,0.119234,0.522326649805,0.523369951728
649,29,11,23,4,0.0174569999999,0.165863,0.0579296685767,0.640891334323
650,15,4,5,783,0.0081990000001,0.0914420000001,0.529768310653,0.516350706622
651,3,2,41,30310,0.124234,0.030168,0.485337418436,0.486348295625
652,4,2,10,1054,0.003964,0.033087,0.529317455517,0.532072699939
653,1,18,16,9820,0.0251290000001,0.022201,0.462725794326,0.466690617834
654,24,10,11,13857,0.241034,0.172238,0.452082154173,0.454205226879
655,61,3,105,2,0.021479,0.281651,0.146229722905,0.647459842578
656,16,6,1,873,0.00906299999997,0.0972710000001,0.525542830912,0.533649332989
657,58,6,1,5,0.0187559999999,0.323064,0.183818972245,0.581568084502
658,16,2,1,182,0.0054889999999,0.0877349999998,0.550497731555,0.539214463192
659,2,9,1,185,0.00103599999989,0.0268739999999,0.524492074799,0.540234212032
660,53,3,10,4811,0.0831900000001,0.289936,0.514843248267,0.509976576247
661,15,10,7,11562,0.103336,0.106768,0.46834320009,0.470739871792
662,16,16,2,100,0.00625500000001,0.118536,0.343047798227,0.510879021536
663,33,13,41,909,0.063537,0.218505,0.377589946192,0.42501519344
664,72,3,41,4768,0.291754,0.395132,0.474771856416,0.473955525067
665,65,8,16,1,0.0268140000001,0.273219,0.0,0.584988873031
666,2,3,13,30,0.000946999999996,0.0279780000001,0.504324576164,0.560224245173
667,65,6,23,34795,2.875502,0.394377,0.452991432962,0.454770033748
668,20,4,113,208,0.018812,0.120884,0.404526840606,0.467166784906
669,30,18,12,4896,0.111961,0.218744,0.427733594414,0.425558678072
670,28,3,1,41696,0.147469,0.170081,0.533160844918,0.529141881618
671,1,2,3,27,0.000586000000112,0.020861,0.502788415799,0.551301853555
672,6,2,26,1,0.002072,0.03809,0.0,0.560492194905
673,49,4,3,7,0.026102,0.287204,0.172357344182,0.556743247573
674,80,11,11,37774,2.815939,0.532394,0.447284374542,0.449160560395
675,51,2,7,50491,0.603587,0.270409,0.525135108537,0.526460287963
676,5,3,9,40769,0.121111,0.040677,0.511952398059,0.510175531349
677,9,6,103,2258,0.0636569999999,0.0645399999999,0.433838264075,0.448353218289
678,20,2,63,3,0.0128339999999,0.120773,0.187074202295,0.639366068255
679,4,4,92,32201,0.550028,0.0372540000001,0.467388865596,0.464083720155
680,1,8,32,2173,0.005539,0.0216780000001,0.458204111605,0.460448478442
681,5,3,46,1,0.00182099999984,0.0385960000001,0.0,0.543194936571
682,14,3,4,38,0.00483499999996,0.0891879999999,0.469837373457,0.538436472304
683,87,8,56,9114,1.886498,0.555265,0.437492367428,0.434828961004
684,2,5,7,1,0.000882999999931,0.023803,0.0,0.635896889132
685,6,8,57,141,0.00425500000006,0.049231,0.321832052353,0.499095248889
686,1,2,16,21,0.000941000000012,0.021497,0.521060604685,0.538227247262
687,96,15,69,26,0.0417219999999,0.653414,0.143970578197,0.606776590514
688,5,2,87,2,0.00188100000014,0.0371130000001,0.0654692993388,0.54545347828
689,1,7,20,4,0.00056799999993,0.0212410000001,0.471446490535,0.569680517359
690,2,6,1,1,0.000843000000032,0.0233409999998,0.0,0.571725287141
691,1,7,29,103,0.000724999999875,0.0215189999999,0.412386288875,0.597362463242
692,56,2,30,440,0.028767,0.281624,0.476722817133,0.516791556831
693,5,3,1,1,0.00182200000017,0.036738,0.0,0.715749308944
694,17,6,148,49,0.0110609999999,0.118861,0.261362896894,0.527499711073
695,3,2,73,3,0.00124200000005,0.029241,0.185446572105,0.543640626761
696,1,7,16,2666,0.00549599999999,0.0230310000002,0.519178754389,0.518128580459
697,96,6,31,102,0.0411960000001,0.581534,0.337042499594,0.469077818853
698,37,2,9,1,0.0167059999999,0.176364,2.6645352591e-15,0.611650245759
699,11,2,7,9,0.0037699999998,0.06747,0.451752001269,0.536871698235
700,3,13,10,2219,0.00718300000017,0.0335660000001,0.47594676516,0.497557328401
701,6,12,2,29160,0.0740460000002,0.0515619999999,0.50051086157,0.501908584606
702,15,19,1,4,0.00502699999993,0.094374,0.164259497448,0.595665010167
703,6,9,3,174,0.00278899999989,0.04909,0.379043450465,0.528705481142
704,2,3,18,36,0.00100499999985,0.02619,0.501800647487,0.558334944867
705,20,3,12,394,0.00893700000006,0.112159,0.505520932226,0.492745746683
706,22,5,42,14,0.00780300000019,0.142971,0.205839697914,0.573397309151
707,1,8,3,3011,0.00690200000008,0.0284280000001,0.505002024979,0.520522363613
708,10,4,3,840,0.00518099999999,0.065014,0.505697257468,0.518853724961
709,9,5,20,2,0.00312100000019,0.053674,0.225248683518,0.594651726053
710,23,11,90,32,0.0110719999998,0.164127,0.202993793161,0.526031681843
711,6,19,4,17,0.00230600000009,0.0520550000001,0.225998883047,0.543930930226
712,13,13,5,70,0.00497000000018,0.094971,0.310641003472,0.522569867406
713,34,3,1,2,0.0199110000001,0.174495,0.211645351098,0.599061102309
714,17,15,118,1,0.00583699999993,0.08754,1.7763568394e-15,0.631755108155
715,19,4,1,5645,0.02026,0.115019,0.528727054387,0.525790317335
716,93,2,104,27562,6.199977,0.503545,0.484026592602,0.486300387235
717,50,5,1,4,0.0178579999999,0.293568,0.135727016156,0.535367423933
718,7,11,11,12,0.00274299999978,0.0581139999999,0.169150017372,0.526311480006
719,4,3,1,15,0.00164700000005,0.0363180000002,0.419630185375,0.570315061672
720,8,16,1,68,0.00312900000017,0.063954,0.316612127234,0.535459803003
721,55,2,15,3,0.032334,0.283196,0.317228825434,0.772070537698
722,5,3,1,126,0.00249099999996,0.0401160000001,0.472629880256,0.528605774241
723,1,17,35,5407,0.014637,0.022082,0.434888435761,0.440106082232
724,3,2,4,31469,0.0546340000001,0.0298500000001,0.511518429902,0.508796390777
725,9,17,96,1531,0.064425,0.075621,0.382251262182,0.40328116088
726,69,2,1,41901,0.251234,0.347893,0.534728992385,0.531406605254
727,7,2,16,13,0.00253599999996,0.051254,0.495391867472,0.531613570718
728,1,4,8,22000,0.0320819999999,0.0215940000001,0.525395713562,0.527911747551
729,97,3,142,98,0.056378,0.601516,0.382911733632,0.477614672302
730,36,5,51,91,0.018947,0.254158,0.444501689318,0.500600521741
731,11,4,2,20139,0.053318,0.0909940000001,0.530467268656,0.529872302654
732,29,6,31,7867,0.310347,0.185694,0.448004298719,0.450760204
733,1,2,9,9555,0.0163680000001,0.0215699999999,0.534490780424,0.534875863747
734,49,3,5,26,0.02306,0.289196,0.401360520949,0.537440171399
735,22,4,3,9,0.007564,0.147341,0.192068275326,0.573165589515
736,3,14,15,44,0.00150000000008,0.0377290000001,0.282858656013,0.546977425669
737,2,14,24,2,0.00156900000002,0.0351479999999,0.0,0.612308725854
738,3,14,53,672,0.00606299999981,0.034617,0.436824565731,0.451165552818
739,39,2,37,1375,0.0594920000001,0.210448,0.489083310032,0.500734472548
740,6,3,1,18098,0.0386390000001,0.0502060000001,0.528673536766,0.532581859256
741,1,2,7,127,0.00131699999997,0.0250230000001,0.496565585038,0.532610046697
742,1,2,87,2342,0.00730300000009,0.020968,0.520164629484,0.526726129716
743,2,7,21,4819,0.018474,0.0281830000001,0.463288959048,0.468418199229
744,8,2,5,10,0.00631500000009,0.0667100000001,0.75022655646,0.533163222533
745,2,3,1,29445,0.043388,0.036218,0.533402843182,0.535906611558
746,2,3,23,233,0.00128700000005,0.0274159999999,0.478238338434,0.489459725475
747,36,3,10,886,0.0238059999999,0.246406,0.510478335766,0.508046278172
748,1,19,47,3559,0.020706,0.030258,0.415320358476,0.426551592049
749,5,2,3,30,0.00196400000004,0.0412699999999,0.386954900668,0.595027274737
750,7,4,5,1491,0.00866799999994,0.0728819999999,0.505690844116,0.514674510824
751,46,2,1,455,0.02538,0.259096,0.524126404593,0.537757464124
752,1,13,15,102,0.0011669999999,0.027824,0.423902924467,0.574881195079
753,73,6,8,8579,0.273389,0.466284,0.478926405618,0.477931081105
754,14,5,7,29,0.0102420000001,0.129976,0.378288445121,0.512898664762
755,60,7,14,3,0.0294710000001,0.310162,0.1930892085,0.644236136244
756,5,2,12,719,0.00362199999995,0.0392629999999,0.501149001964,0.526283948437
757,13,6,2,2,0.00889300000017,0.073122,0.0908788043319,0.539261439248
758,8,4,77,45691,1.484367,0.074674,0.463934484458,0.466902727758
759,1,2,6,26204,0.039403,0.0222269999999,0.534150605149,0.530297678043
760,79,7,62,835,0.150485,0.534039,0.406500018065,0.44024234512
761,3,2,8,22888,0.0407519999999,0.033936,0.534087546377,0.538266465054
762,2,12,145,625,0.015165,0.032641,0.40442440159,0.453476578006
763,84,18,1,133,0.0311399999998,0.562232,0.436733374617,0.512860465788
764,43,3,17,2,0.026572,0.22914,0.0530317110529,0.723910411646
765,9,2,43,58,0.00362000000018,0.061346,0.510228585626,0.492856651232
766,80,13,110,29598,23.622026,0.54263,0.406817706564,0.411254129487
767,64,6,25,40,0.034969,0.400588,0.313542060352,0.498481307454
768,16,11,19,2,0.0052740000001,0.0808690000001,0.945413439149,0.948000077365
769,94,6,3,33,0.0341519999999,0.56759,0.422649466181,0.512824330413
770,35,3,45,12267,0.524796,0.202389,0.476802218407,0.47364032211
771,8,4,116,368,0.0103370000002,0.056282,0.450414319185,0.467849927833
772,30,4,6,15,0.00984700000004,0.186143,0.376539384213,0.541123948336
773,10,2,66,1,0.00335800000016,0.0559580000001,8.881784197e-16,1.01253393801
774,4,3,115,16,0.00300599999991,0.039403,0.208602381433,0.693910575356
775,9,6,1,1617,0.00705700000003,0.063756,0.511330232302,0.530674320545
776,10,12,4,5,0.0062069999999,0.071651,0.15296285574,0.644751035394
777,23,3,1,423,0.00908699999991,0.127525,0.53316020008,0.52828422912
778,17,5,2,1,0.00549499999988,0.0803899999999,8.881784197e-16,1.34174937191
779,61,2,19,67,0.0205960000001,0.320048,0.486546312724,0.527805098132
780,75,16,37,331,0.0678290000001,0.513162,0.332310416262,0.432049769989
781,2,7,17,41,0.000984000000017,0.0285200000001,0.398643175679,0.545843678568
782,75,16,42,29,0.044283,0.508653,0.17710620804,0.509306813233
783,9,4,4,227,0.00370399999997,0.0607579999999,0.473785706089,0.51481113302
784,2,6,79,161,0.0020199999999,0.0294879999999,0.433811501185,0.479028521601
785,43,17,2,30234,0.335912,0.284783,0.49452416562,0.492252693147
786,1,5,152,50911,0.423272,0.0221900000001,0.461442911348,0.460285633533
787,16,4,133,256,0.018341,0.105411,0.421409528895,0.464235099521
788,3,9,1,49480,0.073451,0.0325970000001,0.530759638443,0.5312399737
789,6,10,73,47,0.00565400000005,0.0549940000001,0.304394996875,0.4993173443
790,2,7,2,2,0.00139300000001,0.026797,0.46736221678,0.55021201694
791,3,3,104,52266,0.647292,0.0314269999999,0.476164320254,0.47671846617
792,1,5,11,795,0.002025,0.0209749999999,0.470604971353,0.478339699544
793,74,10,7,245,0.031291,0.499878,0.432986017462,0.480189330671
794,1,2,146,29926,0.143502,0.0224020000001,0.486713377745,0.488905127438
795,14,3,48,5036,0.0793489999999,0.092394,0.457275180178,0.472036446955
796,17,3,5,24056,0.111846,0.102238,0.514631621253,0.515234371367
797,1,5,2,23791,0.028204,0.0217829999999,0.53274579865,0.525323970208
798,10,3,81,10,0.00654899999995,0.0738289999999,0.306063926106,0.565312677631
799,5,11,8,1679,0.00744099999997,0.0467899999999,0.458738744222,0.473734614707
800,1,2,1,360,0.000974000000042,0.0203550000001,0.524305453258,0.537852750836
801,30,11,66,1902,0.160504,0.205275,0.405123576797,0.420534730557
802,27,2,3,24,0.0161780000001,0.149825,0.458426255096,0.565714356011
803,97,16,101,5226,2.614891,0.671055,0.390176424696,0.400240158238
804,48,2,47,49259,2.884217,0.248812,0.493440778645,0.500510031074
805,1,10,34,15,0.000941000000012,0.028665,0.436397793329,0.881822170386
806,6,8,4,98,0.00241699999992,0.0493139999999,0.386553409892,0.537513110858
807,8,4,5,575,0.00421700000015,0.0551909999999,0.492890600687,0.508449664838
808,3,3,4,11323,0.0208169999999,0.0302370000002,0.535245839624,0.528572444334
809,4,3,15,1,0.00150499999995,0.031105,0.0,0.626623853068
810,7,4,13,2801,0.01259,0.0523230000001,0.48225388573,0.48599421522
811,35,11,28,2706,0.11556,0.248442,0.420114840962,0.430381414957
812,20,15,2,50,0.00725499999999,0.181551,0.27592580643,0.512305099526
813,1,17,3,42,0.000614000000041,0.0232209999999,0.406010652134,0.669219469084
814,20,3,118,8844,0.514003,0.118146,0.470847165677,0.474494503392
815,3,3,1,12,0.00125000000003,0.0308379999999,0.36822130628,0.556482465989
816,17,9,4,4,0.00579500000003,0.101063,0.322256598316,0.684353651579
817,75,3,22,4210,0.168947,0.409894,0.478241688775,0.491574589453
818,29,7,12,6837,0.115738,0.183592,0.463021406928,0.462004332915
819,1,11,11,59,0.000999999999976,0.028642,0.451780994359,0.654466814794
820,1,2,12,909,0.00217700000007,0.0205539999999,0.530413672856,0.532278106048
821,14,3,8,12088,0.0615130000001,0.088395,0.50534681376,0.504361576224
822,4,4,1,3,0.00199300000008,0.037341,0.291844963959,0.7602710405
823,39,7,4,2673,0.0362809999999,0.24291,0.511315848625,0.503144922102
824,5,14,3,771,0.00354700000003,0.0473079999999,0.492949319985,0.495458324575
825,14,2,22,12046,0.095742,0.0838529999999,0.508191610475,0.503598331615
826,1,4,99,29230,0.143167,0.022201,0.470934119073,0.470087850256
827,88,15,47,5,0.0303159999999,0.508208,0.199014815736,0.554293720311
828,6,6,6,247,0.00281999999993,0.047994,0.46987716675,0.482648389751
829,36,2,2,34,0.014966,0.187815,0.457245122772,0.547502024061
830,9,2,6,2,0.00517800000011,0.0601570000001,0.114626064426,0.781108514095
831,82,7,19,8,0.0270580000001,0.491173,0.136251627958,0.534148318811
832,14,2,5,1,0.004682,0.067636,0.0,0.660956658545
833,3,2,3,23409,0.0335810000001,0.0296720000001,0.50993772867,0.509452828504
834,25,12,3,8956,0.0684100000001,0.169761,0.496311622378,0.496155384571
835,1,2,1,22,0.000585000000001,0.0208460000001,0.603849955085,0.54148111695
836,44,14,1,3675,0.032978,0.278664,0.511241770792,0.520012484286
837,18,4,109,29,0.00763600000005,0.114856,0.310846998459,0.482348628303
838,32,5,106,24,0.013598,0.196588,0.1600468133,0.549912273093
839,7,10,26,5,0.00253599999996,0.0533300000002,0.0677401063744,0.612884918611
840,2,15,7,35723,0.089894,0.0307330000001,0.47207036307,0.469231347181
841,10,3,1,34,0.00350500000013,0.0745320000001,0.454026555689,0.529972679817
842,13,8,1,20,0.00450600000022,0.0987189999998,0.303515907159,0.525650288101
843,85,3,52,1162,0.119143,0.455174,0.475160337648,0.471713228532
844,1,19,8,4,0.000577000000021,0.0216290000001,0.240233649699,0.560066751937
845,13,9,140,5,0.00856599999997,0.0971360000001,0.138898356731,0.533738986854
846,29,5,37,25861,1.285335,0.182061,0.458886796248,0.45562787959
847,1,3,32,1,0.000555000000077,0.0200479999999,0.0,0.553083477682
848,29,2,109,2948,0.132567,0.157609,0.489521126852,0.485401356986
849,21,4,18,8635,0.135516,0.12935,0.472848479217,0.471495439276
850,5,2,2,3,0.00244900000007,0.0415460000002,0.254916376477,0.656823307077
851,98,2,47,13640,1.288689,0.485473,0.495400598963,0.493005745355
852,36,10,8,8090,0.14411,0.268773,0.460718237317,0.469780594031
853,10,4,60,1089,0.0183869999998,0.0659860000001,0.463012587378,0.457961278107
854,47,10,125,5810,1.419283,0.319492,0.418705440554,0.423475520241
855,1,7,1,4,0.000567000000046,0.021211,0.1537937664,0.597429122576
856,2,9,3,26960,0.044897,0.0286739999999,0.481975905298,0.486758183128
857,2,2,1,371,0.00147199999992,0.0248750000001,0.591943679972,0.536454352128
858,17,2,2,159,0.00610699999993,0.103181,0.556353773675,0.530163523099
859,2,2,20,3,0.000956000000087,0.0251349999999,0.205445382064,0.677663810685
860,81,7,1,2,0.0250110000002,0.392841,0.139668943053,0.602122801355
861,7,10,5,13383,0.0603209999999,0.059722,0.473277642294,0.471907733285
862,67,2,9,170,0.0238409999999,0.342112,0.461028355056,0.518457455205
863,4,5,1,1926,0.00607500000001,0.0373500000001,0.536099436305,0.525102255507
864,37,7,33,4818,0.20049,0.232204,0.449740180701,0.446659631167
865,9,15,6,1618,0.0098680000001,0.069434,0.450347565205,0.466185033385
866,4,3,25,3,0.00155500000005,0.0346969999998,0.204249042644,0.582207092496
867,2,15,2,9213,0.0151779999999,0.0264749999999,0.529014848481,0.530401897718
868,2,4,1,186,0.00101599999994,0.0260370000001,0.522190401152,0.546962110543
869,83,6,3,50529,0.990633,0.495098,0.50469789285,0.506408184017
870,16,2,5,1,0.00873900000011,0.0852970000001,2.6645352591e-15,1.20267718155
871,1,6,1,29,0.000594000000092,0.02199,0.382644233731,0.568135037085
872,39,10,7,636,0.021109,0.256702,0.454495188108,0.474263768594
873,90,3,9,22,0.0291710000001,0.498785,0.392790053152,0.527184419848
874,3,2,8,8,0.00124400000004,0.030258,0.208838724067,0.610737870369
875,74,2,2,5,0.033887,0.380039,0.293301862309,0.551087089028
876,6,5,33,13336,0.123776,0.048546,0.4692783828,0.466422838012
877,68,16,64,4,0.022152,0.365344,0.177786950252,0.653906934743
878,86,3,116,1,0.029773,0.359241,1.7763568394e-15,0.537483179997
879,67,2,17,52,0.022332,0.335515,0.509708559285,0.521885407216
880,39,3,61,1850,0.0913879999998,0.219074,0.469998442938,0.470960213478
881,2,3,1,192,0.00100500000008,0.0272229999998,0.514171001091,0.53588514462
882,4,16,2,147,0.00198399999999,0.0432539999999,0.455376831202,0.519894603581
883,28,19,60,8,0.00981300000012,0.177482,0.161390028586,0.537865890451
884,35,17,1,5,0.011452,0.19935,0.276494875331,0.634849612006
885,11,9,1,2,0.00435900000002,0.064179,0.204709811608,0.541228008224
886,80,2,20,37,0.027165,0.410683,0.402595097381,0.522651938124
887,31,10,9,50,0.010976,0.209301,0.293733306359,0.497784698133
888,20,12,2,970,0.018951,0.132402,0.4888072723,0.509489504503
889,25,2,20,4,0.00813599999992,0.131288,0.284596886955,0.56076817266
890,6,12,24,1116,0.0100440000001,0.0501790000001,0.418683620901,0.445249854552
891,7,17,8,3,0.00251000000003,0.046511,0.128539103838,0.669078853958
892,1,2,3,172,0.000919999999951,0.020536,0.547888354351,0.545940429984
893,28,9,35,181,0.015987,0.202086,0.31958650316,0.46773932213
894,1,4,43,7978,0.0228750000001,0.0220999999999,0.510935038321,0.513374507014
895,12,5,9,116,0.00494500000013,0.0947660000002,0.422483344969,0.505667411533
896,50,12,5,39,0.028035,0.354781,0.294669611081,0.494585084535
897,1,2,12,8,0.000575000000026,0.023416,0.146614578288,0.640345391691
898,9,10,83,11,0.00384899999995,0.0838570000001,0.290532461917,0.634486542235
899,77,2,1,2477,0.0382820000002,0.405951,0.527396779417,0.53349221579
900,2,14,2,95,0.0010400000001,0.029108,0.478134174402,0.540848280781
901,19,9,1,1,0.012686,0.0930899999998,0.0,0.54983843154
902,5,2,1,45,0.00200199999995,0.041242,0.420644893679,0.535544374234
903,71,14,36,431,0.0938709999998,0.491105,0.338392153818,0.442584005391
904,1,3,6,2839,0.00480399999992,0.0236479999999,0.48334214836,0.48639054079
905,1,10,105,5,0.00101999999993,0.03062,0.0895228482337,0.590125684688
906,48,11,6,3,0.030921,0.26993,0.217161830059,0.562014061607
907,19,2,1,17878,0.049747,0.112977,0.535440674021,0.535693627388
908,71,7,37,124,0.0366219999999,0.507643,0.385396896677,0.479542948798
909,13,4,1,23154,0.080903,0.117596,0.528372442423,0.524448480459
910,19,2,24,9163,0.113123,0.107427,0.508506042311,0.511566433749
911,3,6,17,231,0.003334,0.0368249999999,0.445745893116,0.516483732895
912,4,3,7,4,0.00284499999998,0.0447549999999,0.141619217206,0.556423907088
913,60,9,3,2,0.0304310000001,0.294105,0.262798726169,0.537157620263
914,15,5,3,3,0.0103819999999,0.106969,0.0919405480382,0.539814354748
915,11,4,14,1092,0.0103260000001,0.08212,0.476635633989,0.496257003999
916,2,2,10,1,0.00162300000011,0.032866,0.0,0.748476571529
917,1,9,65,4671,0.0248180000001,0.024181,0.438024741631,0.45038558043
918,11,3,18,45,0.00783500000011,0.0989470000002,0.382662239449,0.567313667006
919,30,17,1,6,0.0191460000001,0.220601,0.0830717805954,0.546890437675
920,4,2,96,8913,0.104022,0.036116,0.47710162967,0.485932285588
921,29,2,14,23515,0.289261,0.167044,0.511903655915,0.509119201512
922,2,9,19,28224,0.11978,0.028579,0.446836503339,0.452672168247
923,4,13,7,7099,0.02385,0.042545,0.454672300293,0.45728987586
924,6,3,23,322,0.00581099999999,0.059303,0.471683034659,0.483496677091
925,80,5,67,34,0.0476020000001,0.510939,0.29078773025,0.51384694018
926,1,3,3,141,0.00147100000004,0.024584,0.532078026094,0.549116451669
927,38,7,3,18674,0.191121,0.248633,0.515753723174,0.513296392135
928,17,3,87,42970,2.448882,0.110961,0.474753487783,0.473725279291
929,91,15,1,15500,0.226316,0.594522,0.51608521446,0.518480751738
930,29,2,1,10,0.0177249999999,0.202243,0.600226933529,0.533308397859
931,6,15,9,1,0.00218900000004,0.040078,0.0,0.622577875405
932,1,8,18,11877,0.0255100000002,0.022706,0.466072453826,0.467141828661
933,59,2,6,1346,0.050444,0.346554,0.527278338838,0.522728590041
934,11,5,4,108,0.00463100000002,0.078344,0.510473926721,0.512172153524
935,76,9,11,4297,0.202379,0.501281,0.452108428143,0.455544186911
936,12,3,2,7,0.00803400000018,0.0804600000001,0.192561016274,0.654860186632
937,66,5,1,55,0.024531,0.446951,0.482883803236,0.534090879638
938,25,2,93,36032,2.442236,0.162615,0.483283173247,0.489632671087
939,36,2,39,9757,0.265846,0.194745,0.501871126338,0.499924846087
940,17,13,5,13007,0.110587,0.123565,0.484326529533,0.484696818702
941,1,5,13,1766,0.00367100000017,0.0214940000001,0.483568672299,0.479613733195
942,6,2,3,45323,0.085591,0.0437340000001,0.533922139457,0.537658843443
943,7,7,95,2141,0.04711,0.0655239999999,0.411898685396,0.44133519617
944,1,4,65,2,0.000551000000087,0.0213549999999,0.357268938838,0.752631084021
945,9,9,5,4,0.00308199999995,0.0584329999999,0.27073132704,0.569524131635
946,2,5,19,7186,0.0235290000001,0.026685,0.483260779532,0.477883163311
947,1,2,1,16,0.000897000000123,0.0265400000001,0.515574900293,0.549147238955
948,32,9,31,5,0.0105350000001,0.184323,0.128641896108,0.550522300223
949,6,5,4,4270,0.0126090000001,0.047307,0.48801953571,0.487678900503
950,1,2,50,9817,0.024874,0.0219910000001,0.490283137872,0.487685408514
951,93,2,11,4380,0.11387,0.465729,0.519415240445,0.520879759074
952,11,6,7,262,0.00498900000002,0.0767699999999,0.451659983057,0.496537295047
953,1,8,41,626,0.00223200000005,0.0215459999999,0.418391654155,0.468354377128
954,80,9,83,138,0.059348,0.521029,0.317744317373,0.465055884177
955,62,8,1,17105,0.154238,0.371199,0.525594206777,0.521816680085
956,53,7,129,27,0.024678,0.354604,0.182237619934,0.537082951866
957,1,17,45,3,0.00055599999996,0.0204220000001,0.912733160904,0.594091983812
958,1,3,75,251,0.00119200000017,0.0209789999999,0.426920894356,0.499514678783
959,8,2,106,27,0.00319300000001,0.0548660000002,0.518891459528,0.543927352112
960,53,15,10,44549,2.322792,0.379334,0.437376448753,0.437499768126
961,7,14,3,475,0.00399300000004,0.057589,0.449845516058,0.491294041934
962,11,2,3,1000,0.00616300000002,0.063519,0.512677760774,0.531026510002
963,85,4,48,2026,0.205339,0.480906,0.462392329999,0.463578918531
964,8,14,90,220,0.010102,0.0649720000001,0.307019170688,0.465860323462
965,4,2,3,9,0.00268899999992,0.0397810000002,0.413268271627,0.563935530063
966,66,2,19,95,0.022704,0.336254,0.519935809462,0.513779199231
967,27,5,2,956,0.0125849999999,0.166412,0.535531330404,0.521851876218
968,29,19,4,31,0.0102850000001,0.20714,0.18833055446,0.541632410424
969,1,15,3,2,0.00056799999993,0.0237299999999,0.136722467642,0.951201753221
970,62,15,10,33401,1.934532,0.430875,0.439393698924,0.441187365031
971,29,2,2,7,0.00987199999986,0.154661,0.22071283422,0.548623038512
972,20,2,11,1779,0.0172700000001,0.11356,0.532153879541,0.524894976937
973,3,2,1,199,0.00232500000016,0.0315759999999,0.539563387929,0.512935428535
974,67,2,8,7193,0.108951,0.343768,0.522924793079,0.520458339888
975,5,15,4,1613,0.00598400000013,0.047411,0.47412515044,0.486316019159
976,47,11,3,1,0.0154239999999,0.20262,3.5527136788e-15,0.538083205799
977,7,7,1,3248,0.00886600000013,0.053592,0.527904667025,0.523743948247
978,42,2,6,2215,0.030195,0.215452,0.52924873341,0.527317663151
979,8,10,13,17,0.00298700000008,0.064869,0.339353954904,0.547485544938
980,9,8,135,511,0.0267899999999,0.0705249999999,0.414071956423,0.444176365627
981,2,5,150,4008,0.034881,0.02647,0.462538296648,0.459923073691
982,1,2,3,230,0.000866000000087,0.019916,0.528122736536,0.539876196999
983,1,15,2,13,0.0005799999999,0.0284159999999,0.548999647268,0.840982053829
984,55,16,14,37149,2.692126,0.382618,0.421602615677,0.424902800631
985,62,18,65,742,0.159459,0.429413,0.35885186665,0.416577736497
986,1,17,2,71,0.000639000000092,0.022794,0.363950135302,0.583877044946
987,2,2,1,2,0.001485,0.0298789999999,0.214373588587,0.740400679499
988,43,6,1,12070,0.0753609999999,0.258552,0.530150737064,0.525537555137
989,2,2,2,1,0.000892000000022,0.0261390000001,0.0,0.537394724662
990,47,2,2,42901,0.236861,0.238913,0.533901321508,0.53593387543
991,8,19,20,43717,0.739327,0.069033,0.418713576618,0.414888276786
992,66,14,10,31,0.0420139999999,0.452877,0.161034977211,0.548286395273
993,28,7,57,2,0.016588,0.140088,0.20027792136,0.572719260715
994,18,2,7,22,0.00604199999998,0.0984149999999,0.468793333324,0.534710313292
995,26,7,16,184,0.0116089999999,0.167684,0.434536645417,0.467619276885
996,2,3,2,3,0.00149299999998,0.0261069999999,0.172285959803,0.563371539158
997,1,6,106,355,0.0018070000001,0.0214940000001,0.479114958202,0.525934343332
998,5,2,14,4801,0.0209629999999,0.0476269999999,0.502215393866,0.514171349873
999,7,2,31,4334,0.018435,0.0464509999999,0.496946765169,0.504458802222
